frame,time_s,ego_x_m,ego_y_m,golf_cart_x_m,golf_cart_y_m
0,0.0,-38.75279189862588,-1.7144580949773808e-15,-22.707918838761156,-3.794797261237142
1,0.03333333333333333,-38.664179730217974,-0.01583034260351278,-22.612767111321265,-3.78603149329539
2,0.06666666666666667,-38.590392284911985,-0.07546906093113497,-22.521267357725243,-3.82510335529267
3,0.1,-38.499606093403365,-0.09569572934887796,-22.4237388262443,-3.8155090509208094
4,0.13333333333333333,-38.35030996124195,-0.12314824725406416,-22.2545449775876,-3.81615748873705
5,0.16666666666666666,-38.249856775029265,-0.15246372381229345,-22.136645055181138,-3.816329642701268
6,0.2,-38.20586223011404,-0.18213282493347244,-22.04501477780506,-3.819391526331127
7,0.23333333333333334,-38.189560892938815,-0.21455550272752286,-21.997595104272257,-3.8188009129875784
8,0.26666666666666666,-38.031647253079925,-0.2478234141609818,-21.83233545067667,-3.809852250457906
9,0.3,-37.903201816098225,-0.28478297846530887,-21.686224664484374,-3.801882605700569
10,0.3333333333333333,-37.783295937394165,-0.3232774132883904,-21.56850051632772,-3.7921990088654796
11,0.36666666666666664,-37.68232852537051,-0.36178160335350856,-21.46883293333713,-3.7801680548809693
12,0.4,-37.68295642223708,-0.39905488121795984,-21.44209677682079,-3.7719637335586875
13,0.43333333333333335,-37.71274968852717,-0.43404653595908194,-21.46121160971667,-3.7591222534752173
14,0.4666666666666667,-37.737258224719625,-0.46814754833807826,-21.445056268795685,-3.751700692782215
15,0.5,-37.64985325539293,-0.5039514314912104,-21.32483547129202,-3.7450656474532558
16,0.5333333333333333,-37.56644456526564,-0.5395377046477267,-21.215952685287455,-3.739410473416393
17,0.5666666666666667,-37.4808622311247,-0.532992521215145,-21.148584409697357,-3.678058584298749
18,0.6,-37.42524192622992,-0.5714014981029379,-21.097690459700303,-3.6679043859593
19,0.6333333333333333,-37.52918285139978,-0.6064211389367098,-21.191470746841343,-3.6532634137420463
20,0.6666666666666666,-37.39690454393508,-0.6397628304947904,-21.044631590699712,-3.6375637914576866
21,0.7,-37.224969168673056,-0.6762231899371317,-20.873637079373964,-3.6192983560423095
22,0.7333333333333333,-37.126730893869635,-0.7125612410555716,-20.766418722869332,-3.603542452286264
23,0.7666666666666667,-37.1847919797892,-0.7510776576936009,-20.788842480276667,-3.5963206908023975
24,0.8,-37.20134278355308,-0.7828351954840155,-20.79222569785294,-3.5814838231852666
25,0.8333333333333334,-37.156838781363604,-0.8150664484057856,-20.696776720102775,-3.56972648740405
26,0.8666666666666667,-37.074767865229155,-0.8457812827845069,-20.57761362540759,-3.554881698780026
27,0.9,-36.92593526557237,-0.8741280725431465,-20.406347845838546,-3.535289959024286
28,0.9333333333333333,-36.658113707607384,-0.9023339008398216,-20.121308567622947,-3.515221506622585
29,0.9666666666666667,-36.36896809332744,-0.9270834599793611,-19.825573966303484,-3.4889073416727108
30,1.0,-36.28290447962764,-0.9552358856987838,-19.74776569216101,-3.4622260429477376
31,1.0333333333333334,-36.22389527093615,-0.9848507190380155,-19.683296385075586,-3.4409665879187603
32,1.0666666666666667,-36.08113898103192,-1.0120316133184069,-19.50361249167736,-3.4244317391687398
33,1.1,-36.01998592975921,-1.038375307649677,-19.424838660234403,-3.404586621520316
34,1.1333333333333333,-35.747233655180786,-1.0584783002808624,-19.14999950565743,-3.3757991908768883
35,1.1666666666666667,-35.69133648771473,-1.07930448497154,-19.11397188331285,-3.344547024836535
36,1.2,-35.61814003873395,-1.0989816038805067,-19.0720943633488,-3.312188865793497
37,1.2333333333333334,-35.44851552382157,-1.1155191118581531,-18.911332071585257,-3.278873061449141
38,1.2666666666666666,-35.1591554539647,-1.1248107634700597,-18.634784951873883,-3.2374586538701555
39,1.3,-34.933001026287265,-1.1404370558887609,-18.3969049393809,-3.20452000916056
40,1.3333333333333333,-34.772890753895524,-1.1561583956751462,-18.266350866933415,-3.1671245016073497
41,1.3666666666666667,-34.67377309032296,-1.1686184544358953,-18.177579342422202,-3.1300222216978693
42,1.4,-34.49771947627879,-1.1791984343142419,-18.017366534369987,-3.089289075267104
43,1.4333333333333333,-34.37759806271731,-1.1902840410810194,-17.912207763293132,-3.050308599961947
44,1.4666666666666666,-34.266511019481165,-1.2033717294892163,-17.822879831200662,-3.0140844523326313
45,1.5,-34.21921758069379,-1.2157712667025211,-17.7880437464309,-2.980148285540663
46,1.5333333333333334,-34.04244720501239,-1.2238517467293923,-17.624150992814037,-2.943091088805213
47,1.5666666666666667,-33.9626803069712,-1.233004380848415,-17.536694576900683,-2.9071077376268573
48,1.6,-33.76262548306086,-1.2373018945192806,-17.300417439637997,-2.871143597674265
49,1.6333333333333333,-33.577949995292755,-1.2409288307146351,-17.113265974517333,-2.8271858884085805
50,1.6666666666666667,-33.54554893230287,-1.2496879113282306,-17.062140922780692,-2.7916090221785974
51,1.7,-33.36959642128264,-1.253186746637718,-16.881702817473315,-2.751174006955427
52,1.7333333333333334,-33.14202392152069,-1.255855248004369,-16.667068172372154,-2.7061261527000604
53,1.7666666666666666,-33.037182314198056,-1.2608682184712,-16.575141382383254,-2.665086912907287
54,1.8,-32.90364905931048,-1.2675546677740552,-16.464851545527726,-2.6275622156047387
55,1.8333333333333333,-32.70757896518729,-1.2689955773406947,-16.26099696058502,-2.595657567828402
56,1.8666666666666667,-32.4874028929621,-1.272926406077464,-16.061671944673158,-2.5526428979579894
57,1.9,-32.361579565567055,-1.2805489348656243,-15.97530808981881,-2.5153734842497117
58,1.9333333333333333,-32.19393937699968,-1.2840392842230413,-15.81949375118506,-2.476551519336211
59,1.9666666666666666,-32.04850607292244,-1.2857290884895927,-15.693158637573298,-2.434514885108455
60,2.0,-31.781552582514237,-1.2806380036243894,-15.480442793215108,-2.3853646336749863
61,2.033333333333333,-31.56354155841598,-1.2750791304439595,-15.287987019560113,-2.3340761598435775
62,2.066666666666667,-31.317090038414033,-1.2683560121649482,-15.097058783365433,-2.284372407784839
63,2.1,-31.0833407295695,-1.2591098269994043,-14.923975229084888,-2.229896163374126
64,2.1333333333333333,-30.974968466328974,-1.290441668784682,-14.860149127250015,-2.2233861354599176
65,2.1666666666666665,-30.706132393994473,-1.2808839882912488,-14.645109558045458,-2.1745886561955072
66,2.2,-30.54566159834884,-1.270605992079723,-14.518812762313122,-2.127392670933401
67,2.2333333333333334,-30.412944101644936,-1.2589490740325775,-14.442318157409847,-2.0794975054233493
68,2.2666666666666666,-30.312543259424668,-1.2493882420889257,-14.39173181020774,-2.0346702861119175
69,2.3,-30.15160813046803,-1.2328782734584225,-14.267115757178438,-1.9847980651364892
70,2.3333333333333335,-30.027523110485166,-1.213796153114457,-14.216280084901653,-1.9228618247585407
71,2.3666666666666667,-29.87369028037074,-1.188026768314924,-14.074386460415138,-1.871329323865452
72,2.4,-29.646024960862498,-1.1553047202795867,-13.843942567734501,-1.8165250109769373
73,2.433333333333333,-29.541193323651253,-1.1238383241372625,-13.776770521787677,-1.7620008214138707
74,2.466666666666667,-29.394843217663922,-1.0857173587015183,-13.677477843505178,-1.706335012893601
75,2.5,-29.19756494833105,-1.0423843877899583,-13.50119314878355,-1.6473177092181557
76,2.533333333333333,-29.085507615102625,-0.9943416091314096,-13.434536095982864,-1.5890427631378001
77,2.566666666666667,-28.935087946205336,-0.9407692244031656,-13.309264285579678,-1.5263706799110002
78,2.6,-28.72122032823405,-0.8810163874447262,-13.132019558810212,-1.4621053749424007
79,2.6333333333333333,-28.491575856299445,-0.7794802849417432,-12.943536029545493,-1.3584311151122939
80,2.6666666666666665,-28.271412725569945,-0.7033928654946079,-12.75913624897679,-1.2874247716662843
81,2.7,-28.060242417402076,-0.6224270124472809,-12.608748217228444,-1.2126077274627622
82,2.7333333333333334,-27.90474958162135,-0.5342608241586964,-12.472742201868913,-1.1383854637681292
83,2.7666666666666666,-27.668946008924266,-0.43611631269033124,-12.261511175929463,-1.0604604670960036
84,2.8,-27.4898144216738,-0.33206413835572035,-12.111150353406266,-0.9831308133135275
85,2.8333333333333335,-27.285306261551383,-0.22570693933543987,-11.917667010292767,-0.9078581363903455
86,2.8666666666666667,-27.071737576958665,-0.11583739354969112,-11.775489355476331,-0.8278063506587175
87,2.9,-26.896787512327748,-0.002697661751318727,-11.66420723174939,-0.7456406919137348
88,2.933333333333333,-26.680318203933474,0.11189358840181729,-11.504624448756214,-0.6660882569145145
89,2.966666666666667,-26.537618707228113,0.2312051526706043,-11.398763228328056,-0.5841240964012776
90,3.0,-26.388489097496656,0.3381236559189662,-11.291052783774155,-0.5174388797836111
91,3.033333333333333,-26.12487025639279,0.4550576689903718,-11.074323609555835,-0.4438414445128881
92,3.066666666666667,-25.89821892894043,0.5754768536802316,-10.908651561693365,-0.3697002215380475
93,3.1,-25.7830007883831,0.6858140797508682,-10.86128431497376,-0.30386570916559774
94,3.1333333333333333,-25.581282985201618,0.8060488599466559,-10.727818920041654,-0.23094747312445285
95,3.1666666666666665,-25.367904465398805,0.9279153912662387,-10.577307897023402,-0.1530998102822666
96,3.2,-25.198381878282312,1.0481666994725627,-10.46081153807145,-0.07984126759874055
97,3.2333333333333334,-24.98325286800757,1.1674519248264474,-10.306870759177864,-0.008676746240459776
98,3.2666666666666666,-24.801969176420442,1.2858654907183973,-10.185030248683429,0.06463062784020379
99,3.3,-24.61076982687089,1.3993924513517368,-10.068191978969693,0.13459108082554172
100,3.3333333333333335,-24.438231168157778,1.5156608626241932,-9.981356750326192,0.2082982560314235
101,3.3666666666666667,-24.292700089277776,1.6300005578573036,-9.888606318092837,0.2754539608917548
102,3.4,-24.145980526563626,1.7425821983517908,-9.793986609099782,0.3398345268049425
103,3.433333333333333,-23.979022380771237,1.8579392810422477,-9.683456828302868,0.40707148536961824
104,3.466666666666667,-23.808179998798273,1.9692862579947255,-9.55757142258985,0.4677360663317047
105,3.5,-23.618542944841032,2.0892778550774063,-9.422860313215557,0.5397027014016291
106,3.533333333333333,-23.49887625323687,2.1985565851697726,-9.37304380338677,0.6042164337910483
107,3.566666666666667,-23.388906986244297,2.3067087571430247,-9.332671752333068,0.6692303793536498
108,3.6,-23.225173356319168,2.421850686072565,-9.218898795343511,0.7362089957674773
109,3.6333333333333333,-23.168176504449136,2.5339277972897323,-9.226532521038948,0.8045973962535096
110,3.6666666666666665,-23.03856136149688,2.633779465441982,-9.163735572838457,0.8606937684233877
111,3.7,-22.899856850250654,2.7355083693568605,-9.04489742309767,0.9104299104798876
112,3.7333333333333334,-22.74632083228064,2.8309739881075187,-8.920530557824659,0.9546874542071961
113,3.7666666666666666,-22.644406513714934,2.932745557731476,-8.842695570167697,1.0054289830782293
114,3.8,-22.59014965614502,3.039986487426336,-8.825810429759473,1.0665576900060925
115,3.8333333333333335,-22.49152816715513,3.138935402631164,-8.759830112570532,1.115159346009433
116,3.8666666666666667,-22.392099868149895,3.230817333862806,-8.701933308823678,1.1618160383419642
117,3.9,-22.271191275973084,3.3200980011571777,-8.63997183967349,1.2090580611907478
118,3.933333333333333,-22.19793443455642,3.4128277780456764,-8.598927347353195,1.2546379905625376
119,3.966666666666667,-22.054382767814587,3.496268162890866,-8.497986706420603,1.296018927959787
120,4.0,-21.971453271042833,3.5839860249446946,-8.439396500071474,1.3405172350543242
121,4.033333333333333,-21.89350675785041,3.674873961718081,-8.35181476503338,1.3807124366058758
122,4.066666666666666,-21.800016104130556,3.75982261195711,-8.30973853560631,1.4273759599284022
123,4.1,-21.70792917786339,3.844170958881489,-8.28590015316549,1.478005321076603
124,4.133333333333334,-21.567817627223164,3.9208727415925417,-8.212097894095958,1.5241140044630122
125,4.166666666666667,-21.483121097582043,4.005953417954653,-8.21535960260459,1.581064258394326
126,4.2,-21.366228664936013,4.0824080913788015,-8.209385230561479,1.636235640200539
127,4.233333333333333,-21.26249567641179,4.160885829451193,-8.219061949416956,1.6920206367440511
128,4.266666666666667,-21.094745945384485,4.228447394845436,-8.169439595294806,1.744466015074699
129,4.3,-20.903144057117963,4.2893220573288655,-8.077370546124737,1.7795707917665986
130,4.333333333333333,-20.755396261003717,4.35634439374117,-8.020581811471713,1.823183856307208
131,4.366666666666666,-20.602994198539847,4.427395739886372,-7.957192471883971,1.8655995862729902
132,4.4,-20.466910417679944,4.4991881754464425,-7.913068768582587,1.9109323987206865
133,4.433333333333334,-20.31194210971341,4.56538160979913,-7.8469663647293455,1.9528532922577297
134,4.466666666666667,-20.207139023048647,4.637738642550818,-7.856413937800237,2.003540027819995
135,4.5,-20.05674213385403,4.701443319772998,-7.8059556899903395,2.0413507549942724
136,4.533333333333333,-19.86274750980402,4.75010567885286,-7.714270195842044,2.0667520251043023
137,4.566666666666666,-19.695196281932002,4.807544120048793,-7.5794834227108225,2.087039054959105
138,4.6,-19.533190490297518,4.858384235226822,-7.454283112254792,2.1006966585145563
139,4.633333333333334,-19.372635269449212,4.910599497724248,-7.274569723393624,2.102061482189627
140,4.666666666666667,-19.220404185677715,4.962948040304203,-7.136767765999069,2.117248726352968
141,4.7,-19.066078589745164,5.0110321616755895,-6.982993478401513,2.1212567837023193
142,4.733333333333333,-18.908188219103913,5.055528729887584,-6.833943049128603,2.126330378175338
143,4.766666666666667,-18.775960910291563,5.105677703957299,-6.725589813427231,2.1325496610749055
144,4.8,-18.64977559874006,5.152967904325133,-6.625058444279601,2.147382868280724
145,4.833333333333333,-18.505343367735282,5.193689687195455,-6.4985926399830145,2.1526973296410916
146,4.866666666666666,-18.379072074189576,5.232765628878564,-6.415358957197036,2.1649266337727235
147,4.9,-18.228446333571586,5.261108292051418,-6.293583244079404,2.1651972826533497
148,4.933333333333334,-18.097642479815768,5.295394484878388,-6.221006890972406,2.1810772965184264
149,4.966666666666667,-17.972612102560586,5.325927426099651,-6.120949554683904,2.1849445974906887
150,5.0,-17.855515722120103,5.352742846763864,-6.0706154384434345,2.198972423357475
151,5.033333333333333,-17.752490257660277,5.380747198531613,-6.0442385247443315,2.2184420273782073
152,5.066666666666666,-17.62128083431153,5.396474559563019,-5.99711458412564,2.230313052989394
153,5.1,-17.518485911060633,5.421769795753591,-5.961784689731152,2.2493048870117898
154,5.133333333333334,-17.420988064555715,5.442926887394462,-5.972065332482595,2.2757345226332717
155,5.166666666666667,-17.30274330636278,5.456155877312129,-5.901911368186521,2.2768428835550854
156,5.2,-17.21013246433997,5.476226662780537,-5.882738600726489,2.2941606440505566
157,5.233333333333333,-17.095185635661277,5.484621235822148,-5.839545062175288,2.3018279096250613
158,5.266666666666667,-16.953294104210176,5.481540845094427,-5.755394003071618,2.2941837324236563
159,5.3,-16.80597765680273,5.477139195579437,-5.675754725364939,2.2885880338031606
160,5.333333333333333,-16.684637705970403,5.479446461651753,-5.606511549546516,2.285547203989525
161,5.366666666666666,-16.543071696857645,5.474702392608071,-5.496696678777212,2.272201630562498
162,5.4,-16.440762715299794,5.4805083879960765,-5.438535995468328,2.271426188800516
163,5.433333333333334,-16.330774571081914,5.482006713968792,-5.334800239858989,2.2521957550039082
164,5.466666666666667,-16.206927357787908,5.479695286152491,-5.249070366001481,2.2413152214246135
165,5.5,-16.100198270386837,5.483223234073278,-5.158801081666409,2.229959452345314
166,5.533333333333333,-16.015719023116098,5.492756382811215,-5.096351881972415,2.226306930852689
167,5.566666666666666,-15.942977890225094,5.50299743814939,-5.049949006165367,2.2258302866751976
168,5.6,-15.861170350160702,5.509635786904913,-4.98963827274047,2.2197776295092355
169,5.633333333333334,-15.752887634302569,5.507187415976847,-4.894124369404651,2.2020309322347433
170,5.666666666666667,-15.649998399447918,5.506135113032404,-4.80810017564778,2.1878224762877854
171,5.7,-15.534059559973969,5.500850251667592,-4.713058387440292,2.170704344130104
172,5.733333333333333,-15.445142405215847,5.503572197525733,-4.6458715672449,2.162191774732778
173,5.766666666666667,-15.365315122281231,5.509143640106638,-4.586885302771732,2.1575329241500874
174,5.8,-15.299099104867535,5.519402625245097,-4.527321112393382,2.152103303430738
175,5.833333333333333,-15.221354715677638,5.522508531865791,-4.490755694805262,2.151585724549213
176,5.866666666666666,-15.161168292471112,5.530855917674021,-4.468299211451972,2.1566972860445035
177,5.9,-15.088745071905484,5.535667462922086,-4.4111220809948595,2.1513175539407268
178,5.933333333333334,-14.993349265435377,5.53095814997989,-4.362805759808458,2.149006808887131
179,5.966666666666667,-14.892862667899614,5.523875497191302,-4.288841478331248,2.1362990456484674
180,6.0,-14.782704250997941,5.510775490490564,-4.204092917856618,2.118082462247752
181,6.033333333333333,-14.698430013622525,5.508308550488405,-4.139324911019138,2.1093991909855214
182,6.066666666666666,-14.589520374162937,5.496448265955184,-4.036442757877154,2.08517835181338
183,6.1,-14.471610834278426,5.483539935376268,-3.9498430887236253,2.070317697820146
184,6.133333333333334,-14.386644453285026,5.477286039092494,-3.8909121356030454,2.061266650993135
185,6.166666666666667,-14.305881332921803,5.472376489518509,-3.832811272922587,2.053842520693205
186,6.2,-14.227091927620092,5.4668088321895,-3.7835082064807146,2.048522014623745
187,6.233333333333333,-14.160505776858813,5.465747517394441,-3.731280811184199,2.041493866432209
188,6.266666666666667,-14.066599455505148,5.454494505118745,-3.6581619863274923,2.027103934955658
189,6.3,-13.97523897267006,5.4394902199126705,-3.5967533432405148,2.0148237639765854
190,6.333333333333333,-13.883870528467233,5.424100809757571,-3.5352720679520733,2.001537522710837
191,6.366666666666666,-13.793937907241673,5.410829499686739,-3.483552111698291,1.9912845242136572
192,6.4,-13.693607908960095,5.390648248748296,-3.4273010286057843,1.9777172968552463
193,6.433333333333334,-13.606417655738818,5.376216629545125,-3.377706072740269,1.9680758661924376
194,6.466666666666667,-13.535421312152124,5.367081786120538,-3.349766157965121,1.9667058072477572
195,6.5,-13.474658371197393,5.362392873914991,-3.326598610687098,1.9666357305417623
196,6.533333333333333,-13.383665440728613,5.3425464855800335,-3.2753006957855444,1.9520679909964587
197,6.566666666666666,-13.324994874211956,5.336091497966618,-3.2590870290295264,1.9528629103584128
198,6.6,-13.256601609351174,5.3223674408368575,-3.219178252586792,1.9410812122503502
199,6.633333333333334,-13.192844896448504,5.312993764861462,-3.1937487528918798,1.9366159212090475
200,6.666666666666667,-13.124329600078244,5.300721331823741,-3.1730077928271196,1.9323404666708766
201,6.7,-13.059086221139154,5.288691653556344,-3.1506636999537907,1.9269568150949108
202,6.733333333333333,-12.988549003944675,5.273683343425692,-3.127908215179847,1.9216800872333835
203,6.766666666666667,-12.941679667020454,5.267144098024426,-3.116504326639724,1.9203179909441936
204,6.8,-12.888861870054175,5.258950374424807,-3.102043283819544,1.918559552131069
205,6.833333333333333,-12.835488779909072,5.253584440981038,-3.0820391782044094,1.9196226612695173
206,6.866666666666666,-12.769224426086426,5.2404399283132355,-3.059742093417002,1.9160167012448643
207,6.9,-12.71307690650731,5.232795664033952,-3.0380131517720805,1.914834339974238
208,6.933333333333334,-12.646175098998759,5.219066076718989,-3.0064066524657527,1.9081415742327055
209,6.966666666666667,-12.572837586753257,5.201821265488716,-2.9701051535705734,1.8988795783325139
210,7.0,-12.506651134073133,5.186550298923649,-2.9551552689070117,1.896807956589245
211,7.033333333333333,-12.447510307810818,5.175679610782875,-2.9365209021520897,1.8959224146643643
212,7.066666666666666,-12.379969755861758,5.161335995115498,-2.90515440348387,1.8898905336878848
213,7.1,-12.31642054617276,5.14843780535913,-2.873596563076097,1.8840337095507942
214,7.133333333333334,-12.248504348352505,5.133709113243873,-2.841521678454507,1.8787845784933777
215,7.166666666666667,-12.181338881655481,5.117646785661027,-2.8058428952676078,1.8693229414349086
216,7.2,-12.118023646670965,5.102996171154245,-2.7764610000336827,1.8617316712535246
217,7.233333333333333,-12.050097182053861,5.087765372042419,-2.7427745371220844,1.8539787328363544
218,7.266666666666667,-11.980783563551226,5.0703328495181035,-2.722412418976523,1.8501756599452825
219,7.3,-11.907713243824334,5.052624584732963,-2.6762900931847877,1.8370314260873162
220,7.333333333333333,-11.83384983468767,5.0329111217791604,-2.615667442791242,1.816598876234368
221,7.366666666666666,-11.774333946259484,5.018544772728225,-2.567965018194684,1.8015081874815273
222,7.4,-11.713470282765812,5.002748753656058,-2.543018376908517,1.7929278837710836
223,7.433333333333334,-11.65927736240259,4.990407027018147,-2.5228755098139057,1.7876691576675934
224,7.466666666666667,-11.599151279113087,4.976083182718405,-2.4988234295742835,1.7800289045968234
225,7.5,-11.53008984345867,4.959085361207238,-2.44546485720136,1.762265991847789
226,7.533333333333333,-11.473730847645394,4.946927551617573,-2.4203680117648982,1.7546673291482553
227,7.566666666666666,-11.416265452967691,4.934927261927126,-2.405729123750083,1.7520030808726643
228,7.6,-11.35461353175734,4.922272653451189,-2.383351361540333,1.7474955092828797
229,7.633333333333334,-11.29001747246426,4.909622839151753,-2.348696855901162,1.7376042530696432
230,7.666666666666667,-11.225837541469787,4.896388847377098,-2.3214393791143184,1.7322794850169894
231,7.7,-11.157628661967605,4.881829530348432,-2.2863721255996428,1.722027047519851
232,7.733333333333333,-11.094566835494891,4.86865906504501,-2.255853510314177,1.7139395873790995
233,7.766666666666667,-11.04381837984031,4.862266928489933,-2.244038755004187,1.7143753105894155
234,7.8,-10.990650685736854,4.853871317925521,-2.2314405506556128,1.712903804737727
235,7.833333333333333,-10.934292188523571,4.842593044282234,-2.224192429645285,1.7131063760842484
236,7.866666666666666,-10.869674234052,4.829626691732988,-2.196721268956898,1.7066351738664314
237,7.9,-10.812706462535012,4.820016447238606,-2.1722277788599094,1.7014506297288037
238,7.933333333333334,-10.751109251170199,4.808165610691648,-2.1211534443062856,1.68588604022557
239,7.966666666666667,-10.698978044467564,4.800961402985228,-2.121554765196027,1.689817031547443
240,8.0,-10.647706766983994,4.791188391892862,-2.122743408461563,1.6926929193149705
241,8.033333333333333,-10.578278387833016,4.774633581250378,-2.103731652066722,1.6869813056763334
242,8.066666666666666,-10.503910310645423,4.7550022628035125,-2.078838992483666,1.6775021481800367
243,8.1,-10.43620034187775,4.738064861773116,-2.0623525319241516,1.6705611275038361
244,8.133333333333333,-10.363271003440223,4.718478323205728,-2.0541573231990693,1.666332364221943
245,8.166666666666666,-10.28456075764256,4.697377310436088,-2.0261493986507677,1.6547721782575322
246,8.2,-10.214481384809837,4.680572388625705,-2.02029541870683,1.655462621296759
247,8.233333333333333,-10.140500143378226,4.661223306579079,-2.0187095103222017,1.654899637020248
248,8.266666666666667,-10.060089746832945,4.638834890006016,-2.007999059832578,1.649869165842182
249,8.3,-9.987403589849608,4.619810838365947,-1.996995627654977,1.645190731115933
250,8.333333333333334,-9.914197761351673,4.6016153663600905,-1.9812768884837402,1.6391028137313026
251,8.366666666666667,-9.84204800587283,4.583724686939458,-1.9916797743107741,1.6432497062579166
252,8.4,-9.760619545299111,4.5613790433978965,-1.988146979800991,1.6418089199236943
253,8.433333333333334,-9.681150132703578,4.541458810440536,-2.0036388555857023,1.6487553732691924
254,8.466666666666667,-9.598250797507042,4.520847449638418,-1.96792508951311,1.638869883875433
255,8.5,-9.52158623124525,4.505300795311149,-1.9491928417407296,1.637300329013355
256,8.533333333333333,-9.447825422326229,4.490875046583469,-1.9622843852594993,1.6473080009569343
257,8.566666666666666,-9.368643512154506,4.473527656090415,-1.9246949443776007,1.6358691046215945
258,8.6,-9.292805442899281,4.457477609889626,-1.9115057361176033,1.6341016702196804
259,8.633333333333333,-9.221365772109387,4.441489996607525,-1.8896364873342888,1.627785480492184
260,8.666666666666666,-9.153248310859384,4.427907320933216,-1.885263288332502,1.6284605517170747
261,8.7,-9.080717735031163,4.409139484074938,-1.8211032393215003,1.6011554515315645
262,8.733333333333333,-9.010479725952552,4.391872241050208,-1.773740088828215,1.58136744731115
263,8.766666666666667,-8.931812487693922,4.3697200264915015,-1.7458244776157708,1.5680442335393066
264,8.8,-8.853330678867236,4.348604049895288,-1.726719660383977,1.560051993069159
265,8.833333333333334,-8.771089033769933,4.327454622154586,-1.698457929399086,1.5489624318665354
266,8.866666666666667,-8.693370758303404,4.304582821043017,-1.6817586900472703,1.5398487490148316
267,8.9,-8.622059575484558,4.284212184931543,-1.6687547350245975,1.5331602067740335
268,8.933333333333334,-8.545591106495605,4.26081119911108,-1.6486006676878011,1.521651836219125
269,8.966666666666667,-8.475084036193328,4.238991669662518,-1.6383072643114822,1.5129999127897151
270,9.0,-8.396167295983112,4.209947140628827,-1.63658099980203,1.5025839825605325
271,9.033333333333333,-8.331262426003589,4.182142395394424,-1.616632927654364,1.4826969828565653
272,9.066666666666666,-8.276097540277604,4.159576496319331,-1.6286596026700666,1.477239234746444
273,9.1,-8.243396582283859,4.14335693840104,-1.6378907412349433,1.4683646999659836
274,9.133333333333333,-8.211570549139584,4.127557957194783,-1.6881557080892193,1.4766114607107501
275,9.166666666666666,-8.145602385832856,4.108100307636344,-1.665653235591412,1.4661358822225976
276,9.2,-8.082865307374691,4.091800353413645,-1.7284458836472805,1.4918588765691037
277,9.233333333333333,-8.02199040673337,4.0758732247488965,-1.7625101497880689,1.5068285298063766
278,9.266666666666667,-7.968092283021927,4.0638580868775405,-1.7593088725196893,1.5089481639426676
279,9.3,-7.9104805602179455,4.0501202287687645,-1.7931284038012931,1.5254704012819542
280,9.333333333333334,-7.861897395208634,4.036182600844901,-1.834449214335339,1.5416128371233784
281,9.366666666666667,-7.813072953234099,4.0251573334058115,-1.8110851634261182,1.533555451582128
282,9.4,-7.7620309231036195,4.013138458828879,-1.7868651751784492,1.5252015057042887
283,9.433333333333334,-7.72566524625552,4.0065193243708626,-1.7777241047101136,1.5238806884437115
284,9.466666666666667,-7.683546716439697,3.9956644679250837,-1.762259631010373,1.5184104687545368
285,9.5,-7.651614059329008,3.9909953272596645,-1.7602232952401966,1.5213401634269905
286,9.533333333333333,-7.603362972224146,3.9840516951409506,-1.7506055871423403,1.5262392312640247
287,9.566666666666666,-7.5567083765527165,3.976882928129263,-1.756282607231074,1.5366897184284958
288,9.6,-7.490631325825419,3.96321264356764,-1.769568353814015,1.5520834353545059
289,9.633333333333333,-7.42276376340443,3.948504111492361,-1.7357325097452412,1.5483139898121876
290,9.666666666666666,-7.3980110670431225,3.941270923034185,-1.7639757142077128,1.5591534094924389
291,9.7,-7.377154644356213,3.935099970045591,-1.7530647311442769,1.5540737267831446
292,9.733333333333333,-7.357984643574662,3.9298087082404387,-1.752583145163353,1.553201676388202
293,9.766666666666667,-7.340475503976185,3.924370706390495,-1.7598740240868622,1.5546325777993695
294,9.8,-7.329396061224637,3.920375070663101,-1.737825779700663,1.543319336585593
295,9.833333333333334,-7.318667745006958,3.9180838029995986,-1.724928333132123,1.5378102804402562
296,9.866666666666667,-7.30770255872443,3.915322331223175,-1.7438412323494346,1.5456828482089784
297,9.9,-7.298675985802842,3.913396999576051,-1.761555749565976,1.5530089475669149
298,9.933333333333334,-7.28666268539568,3.9098916820584853,-1.7791530911552318,1.5599292262753632
