frame_id,light_x_cam_m,light_y_cam_m,light_z_cam_m,x_m,y_m,original_depth_valid
0,35.58407885233561,-15.34771032333374,3.7402908563613892,-38.75279189862588,-1.7144580949773808e-15,1
1,35.496442794799805,-15.327152172724405,3.7377128700415296,-38.664179730217974,-0.01583034260351278,1
2,35.40506935119629,-15.352691507339477,3.73513488372167,-38.590392284911985,-0.07546906093113497,1
3,35.31369590759277,-15.33530920346578,3.7325568974018104,-38.499606093403365,-0.09569572934887796,0
4,35.16573499043783,-15.30138955116272,3.7256984392801926,-38.35030996124195,-0.12314824725406416,0
5,35.06188545227051,-15.288524357477824,3.7249686737855283,-38.249856775029265,-0.15246372381229345,0
6,35.009738032023115,-15.298343833287557,3.729894737402599,-38.20586223011404,-0.18213282493347244,1
7,34.98192888895671,-15.321659390131632,3.7370616813500726,-38.189560892938815,-0.21455550272752286,1
8,34.82375195821127,-15.289666732152302,3.7321304559707644,-38.031647253079925,-0.2478234141609818,1
9,34.691171646118164,-15.272734498977659,3.7282630364100138,-37.903201816098225,-0.28478297846530887,1
10,34.56582476298015,-15.260593652725218,3.726214909553528,-37.783295937394165,-0.3232774132883904,1
11,34.4578639348348,-15.255962181091308,3.7291070898373926,-37.68232852537051,-0.36178160335350856,1
12,34.44367872873942,-15.290436395009356,3.7418363451957704,-37.68295642223708,-0.39905488121795984,1
13,34.457177734375,-15.334366242090859,3.7547263304392495,-37.71274968852717,-0.43404653595908194,1
14,34.46617685953777,-15.375385300318397,3.767159795761108,-37.737258224719625,-0.46814754833807826,1
15,34.3717389424642,-15.37364560763041,3.7704433123270666,-37.64985325539293,-0.5039514314912104,1
16,34.281056722005204,-15.373288790384926,3.774661874771118,-37.56644456526564,-0.5395377046477267,1
17,34.20506439208984,-15.333384641011556,3.7802739461263015,-37.4808622311247,-0.532992521215145,1
18,34.13878046671549,-15.346625073750813,3.7894946018854774,-37.42524192622992,-0.5714014981029379,1
19,34.220353190104156,-15.419946161905923,3.8148331880569457,-37.52918285139978,-0.6064211389367098,1
20,34.08568623860676,-15.398173904418945,3.815535203615824,-37.39690454393508,-0.6397628304947904,1
21,33.91336975097656,-15.363559468587239,3.8097989797592158,-37.224969168673056,-0.6762231899371317,1
22,33.808772786458334,-15.358019828796387,3.815934014320373,-37.126730893869635,-0.7125612410555716,1
23,33.84683227539062,-15.416381454467775,3.836285901069641,-37.1847919797892,-0.7510776576936009,0
24,33.8494524637858,-15.45209706624349,3.8482936461766557,-37.20134278355308,-0.7828351954840155,1
25,33.79582252502441,-15.464067427317302,3.85151351292928,-37.156838781363604,-0.8150664484057856,1
26,33.70829798380534,-15.459767309824626,3.84701178073883,-37.074767865229155,-0.8457812827845069,1
27,33.56040852864584,-15.426852385203045,3.834838763872782,-36.92593526557237,-0.8741280725431465,1
28,33.30331535339356,-15.346683470408124,3.8100772460301715,-36.658113707607384,-0.9023339008398216,1
29,33.028010559082034,-15.254895687103273,3.7830028454462687,-36.36896809332744,-0.9270834599793611,1
30,32.93783461252848,-15.24666140874227,3.7724963347117106,-36.28290447962764,-0.9552358856987838,1
31,32.87192173004151,-15.250484625498455,3.765749343236288,-36.22389527093615,-0.9848507190380155,1
32,32.730073483785,-15.218905607859293,3.752502870559693,-36.08113898103192,-1.0120316133184069,1
33,32.66348756154378,-15.218876107533774,3.7491825024286913,-36.01998592975921,-1.038375307649677,1
34,32.40507589975993,-15.129314136505126,3.725628018379212,-35.747233655180786,-1.0584783002808624,1
35,32.345501263936356,-15.126299826304118,3.7285127401351934,-35.69133648771473,-1.07930448497154,1
36,32.27049694061279,-15.115379174550375,3.7340776364008588,-35.61814003873395,-1.0989816038805067,1
37,32.108192634582515,-15.063386122385662,3.7290747404098514,-35.44851552382157,-1.1155191118581531,1
38,31.838812891642256,-14.95731945037842,3.713506325085958,-35.1591554539647,-1.1248107634700597,1
39,31.624961853027347,-14.882101504007977,3.708767263094584,-34.933001026287265,-1.1404370558887609,1
40,31.471717071533206,-14.833127053578696,3.713939555486043,-34.772890753895524,-1.1561583956751462,1
41,31.375769297281902,-14.805313587188722,3.72671050230662,-34.67377309032296,-1.1686184544358953,1
42,31.209921010335286,-14.745303948720297,3.7314271211624144,-34.49771947627879,-1.1791984343142419,1
43,31.095231246948245,-14.70791006088257,3.74303974310557,-34.37759806271731,-1.1902840410810194,1
44,30.988044230143235,-14.675932534535727,3.753641502062479,-34.266511019481165,-1.2033717294892163,1
45,30.93970712025961,-14.66858803431193,3.7760237534840897,-34.21921758069379,-1.2157712667025211,1
46,30.774190584818527,-14.60599940617879,3.7869308312733967,-34.04244720501239,-1.2238517467293923,1
47,30.697321192423505,-14.58281265894572,3.8061662594477337,-33.9626803069712,-1.233004380848415,1
48,30.51192232767741,-14.507528781890867,3.813934071858724,-33.76262548306086,-1.2373018945192806,1
49,30.34091084798177,-14.437720012664792,3.8171333312988285,-33.577949995292755,-1.2409288307146351,1
50,30.30769017537435,-14.432930723826088,3.8357818603515628,-33.54554893230287,-1.2496879113282306,1
51,30.144739151000973,-14.366458988189697,3.836755212148031,-33.36959642128264,-1.253186746637718,1
52,29.934717814127602,-14.278781159718832,3.8304586092631023,-33.14202392152069,-1.255855248004369,1
53,29.836463483174644,-14.241862614949543,3.8358856042226157,-33.037182314198056,-1.2608682184712,1
54,29.711200777689616,-14.195117632548016,3.837858231862386,-32.90364905931048,-1.2675546677740552,1
55,29.530592155456546,-14.118788846333823,3.8355477492014565,-32.70757896518729,-1.2689955773406947,1
56,29.326862525939944,-14.03519941965739,3.8279275576273597,-32.4874028929621,-1.272926406077464,1
57,29.208308601379393,-13.992367426554361,3.832791837056478,-32.361579565567055,-1.2805489348656243,1
58,29.0529935836792,-13.929179922739662,3.830328607559204,-32.19393937699968,-1.2840392842230413,1
59,28.918782742818195,-13.873133945465087,3.8335917631785077,-32.04850607292244,-1.2857290884895927,1
60,28.675673611958818,-13.762734508514402,3.8195624987284345,-31.781552582514237,-1.2806380036243894,1
61,28.477690315246576,-13.671288776397704,3.807496658960978,-31.56354155841598,-1.2750791304439595,1
62,28.254053115844723,-13.567510382334392,3.7931981643040973,-31.317090038414033,-1.2683560121649482,1
63,28.043078740437824,-13.466445827484133,3.775118843714396,-31.0833407295695,-1.2591098269994043,1
64,27.931159083048502,-13.452295843760176,3.7844294230143234,-30.974968466328974,-1.290441668784682,1
65,27.688090260823568,-13.33704945246379,3.764929866790772,-30.706132393994473,-1.2808839882912488,1
66,27.544811248779297,-13.26405878067017,3.757047271728516,-30.54566159834884,-1.270605992079723,1
67,27.427562332153318,-13.200793393452965,3.7513904968897505,-30.412944101644936,-1.2589490740325775,1
68,27.339157485961913,-13.152251434326173,3.750965364774068,-30.312543259424668,-1.2493882420889257,1
69,27.197920227050776,-13.073354466756186,3.741878787676493,-30.15160813046803,-1.2328782734584225,1
70,27.09153861999511,-13.006689834594727,3.7367432514826455,-30.027523110485166,-1.213796153114457,1
71,26.960490036010736,-12.922103373209636,3.731642317771912,-29.87369028037074,-1.188026768314924,1
72,26.764399592081705,-12.801892026265461,3.71752253373464,-29.646024960862498,-1.1553047202795867,1
73,26.680601755777996,-12.731480884552003,3.7217005968093875,-29.541193323651253,-1.1238383241372625,1
74,26.561315790812177,-12.638516267140705,3.71952661673228,-29.394843217663922,-1.0857173587015183,1
75,26.397330093383793,-12.520596154530844,3.712964526812236,-29.19756494833105,-1.0423843877899583,1
76,26.313462320963545,-12.432102362314861,3.7160962978998824,-29.085507615102625,-0.9943416091314096,1
77,26.196558952331547,-12.323338031768799,3.713159163792928,-28.935087946205336,-0.9407692244031656,1
78,26.023843320210776,-12.183770593007406,3.6995682239532472,-28.72122032823405,-0.8810163874447262,1
79,25.853188769022623,-11.999588108062744,3.672526057561238,-28.491575856299445,-0.7794802849417432,1
80,25.681161562601726,-11.842528438568117,3.654204376538594,-28.271412725569945,-0.7033928654946079,1
81,25.519323921203615,-11.684550762176514,3.638336586952209,-28.060242417402076,-0.6224270124472809,1
82,25.41146278381348,-11.54201208750407,3.6279982805252073,-27.90474958162135,-0.5342608241586964,1
83,25.23380953470866,-11.358504613240559,3.6082156737645463,-27.668946008924266,-0.43611631269033124,1
84,25.11053403218587,-11.192016983032225,3.595093544324239,-27.4898144216738,-0.33206413835572035,1
85,24.96486981709798,-11.013362630208333,3.5788731972376504,-27.285306261551383,-0.22570693933543987,1
86,24.812276967366536,-10.82789478302002,3.5599213361740114,-27.071737576958665,-0.11583739354969112,1
87,24.696440124511717,-10.65471871693929,3.547173285484314,-26.896787512327748,-0.002697661751318727,1
88,24.543053817749026,-10.463766479492186,3.530238143603007,-26.680318203933474,0.11189358840181729,1
89,24.45927480061849,-10.297695795694985,3.523330577214559,-26.537618707228113,0.2312051526706043,1
90,24.364683278401692,-10.140458234151202,3.5127120018005376,-26.388489097496656,0.3381236559189662,1
91,24.16893056233724,-9.928681627909342,3.4910384019215908,-26.12487025639279,0.4550576689903718,1
92,24.008502896626794,-9.728345489501955,3.4758636871973674,-25.89821892894043,0.5754768536802316,1
93,23.94640394846599,-9.5813990910848,3.4786471923192344,-25.7830007883831,0.6858140797508682,1
94,23.808798027038577,-9.391106986999512,3.47416402498881,-25.581282985201618,0.8060488599466559,1
95,23.661131095886233,-9.194698429107666,3.4721504926681517,-25.367904465398805,0.9279153912662387,1
96,23.55309441884359,-9.0171417872111,3.4748386780420932,-25.198381878282312,1.0481666994725627,1
97,23.402797826131184,-8.822410202026369,3.4762948830922435,-24.98325286800757,1.1674519248264474,1
98,23.283233896891275,-8.64188315073649,3.483143885930379,-24.801969176420442,1.2858654907183973,1
99,23.152629788716634,-8.461916128794352,3.4849838654200234,-24.61076982687089,1.3993924513517368,1
100,23.04024626413981,-8.286822223663329,3.489664610226949,-24.438231168157778,1.5156608626241932,1
101,22.95189812978109,-8.124195448557535,3.4995709816614786,-24.292700089277776,1.6300005578573036,1
102,22.86176242828369,-7.962712287902831,3.5075589100519817,-24.145980526563626,1.7425821983517908,1
103,22.75414218902588,-7.7906653086344395,3.5130817651748663,-23.979022380771237,1.8579392810422477,1
104,22.64136714935303,-7.620762221018474,3.5186960220336916,-23.808179998798273,1.9692862579947255,1
105,22.514757855733237,-7.435477892557779,3.5255201180775964,-23.618542944841032,2.0892778550774063,1
106,22.448154894510903,-7.287741629282634,3.540084822972616,-23.49887625323687,2.1985565851697726,1
107,22.390010261535643,-7.144880390167237,3.5567579428354903,-23.388906986244297,2.3067087571430247,1
108,22.285265668233233,-6.9743080139160165,3.5661953131357835,-23.225173356319168,2.421850686072565,1
109,22.277316474914546,-6.848822037378947,3.5884862105051685,-23.168176504449136,2.5339277972897323,1
110,22.19784501393636,-6.705802011489868,3.5987923145294194,-23.03856136149688,2.633779465441982,1
111,22.110770861307778,-6.557458480199177,3.610029633839926,-22.899856850250654,2.7355083693568605,1
112,22.00759741465251,-6.408992211023966,3.6174939314524335,-22.74632083228064,2.8309739881075187,1
113,21.95432211558024,-6.275179942448934,3.630122820536296,-22.644406513714934,2.932745557731476,1
114,21.946973546346026,-6.155219856897989,3.6521773894627887,-22.59014965614502,3.039986487426336,1
115,21.89560394287109,-6.0253035386403395,3.6647782882054645,-22.49152816715513,3.138935402631164,1
116,21.840694681803384,-5.901556825637817,3.676124723752339,-22.392099868149895,3.230817333862806,1
117,21.76503130594889,-5.771691592534383,3.683697565396626,-22.271191275973084,3.3200980011571777,1
118,21.734489313761397,-5.657531340916951,3.698950282732645,-22.19793443455642,3.4128277780456764,1
119,21.635721333821614,-5.524061250686644,3.7026704231897987,-22.054382767814587,3.496268162890866,1
120,21.59431266784668,-5.410672330856323,3.7155397176742553,-21.971453271042833,3.5839860249446946,1
121,21.558735020955403,-5.296346012751261,3.727642814318339,-21.89350675785041,3.674873961718081,1
122,21.506532033284504,-5.181317218144736,3.737548438707987,-21.800016104130556,3.75982261195711,1
123,21.455380249023435,-5.067395575841269,3.746788970629374,-21.70792917786339,3.844170958881489,1
124,21.357102330525713,-4.941475518544515,3.7494630654652914,-21.567817627223164,3.9208727415925417,1
125,21.313026682535806,-4.829808330535888,3.7602365652720136,-21.483121097582043,4.005953417954653,1
126,21.235971450805664,-4.71331090927124,3.765100129445394,-21.366228664936013,4.0824080913788015,1
127,21.17180086771647,-4.600167528788249,3.7730355739593504,-21.26249567641179,4.160885829451193,1
128,21.04452476501465,-4.471694453557332,3.77015061378479,-21.094745945384485,4.228447394845436,1
129,20.892698542277017,-4.339915068944296,3.7649185339609783,-20.903144057117963,4.2893220573288655,1
130,20.78357531229655,-4.219858725865683,3.7670634269714354,-20.755396261003717,4.35634439374117,1
131,20.671774037679036,-4.094259532292684,3.768022505442302,-20.602994198539847,4.427395739886372,1
132,20.575250244140623,-3.9744425614674888,3.771828921635946,-20.466910417679944,4.4991881754464425,1
133,20.45916862487793,-3.8522877216339118,3.769908746083578,-20.31194210971341,4.56538160979913,1
134,20.391591389973957,-3.74434076944987,3.7746562163035082,-20.207139023048647,4.637738642550818,1
135,20.27872174580892,-3.62628165880839,3.7707870006561284,-20.05674213385403,4.701443319772998,1
136,20.119861857096353,-3.504768387476603,3.7584178288777674,-19.86274750980402,4.75010567885286,1
137,19.988758850097657,-3.3856693108876548,3.750788052876791,-19.695196281932002,4.807544120048793,1
138,19.860134633382163,-3.2748252550760903,3.7431029319763187,-19.533190490297518,4.858384235226822,1
139,19.733386993408203,-3.1632929801940914,3.7344451109568277,-19.372635269449212,4.910599497724248,1
140,19.61433563232422,-3.054935026168823,3.728515561421712,-19.220404185677715,4.962948040304203,1
141,19.491672134399415,-2.949663289388021,3.722391939163208,-19.066078589745164,5.0110321616755895,1
142,19.36431452433268,-2.8462739626566567,3.710610850652059,-18.908188219103913,5.055528729887584,1
143,19.262760162353512,-2.747858047485351,3.707562987009684,-18.775960910291563,5.105677703957299,1
144,19.165621566772458,-2.654460032780965,3.7048248132069905,-18.64977559874006,5.152967904325133,1
145,19.04912668863932,-2.5598668177922566,3.698901669184367,-18.505343367735282,5.193689687195455,1
146,18.94865595499674,-2.4739773511886596,3.6959528128306074,-18.379072074189576,5.232765628878564,1
147,18.82157135009766,-2.3882981618245442,3.686925713221232,-18.228446333571586,5.261108292051418,1
148,18.715041732788087,-2.305011717478434,3.6820792992909746,-18.097642479815768,5.295394484878388,1
149,18.612327067057294,-2.227458167076111,3.6778628031412754,-17.972612102560586,5.325927426099651,1
150,18.515425364176433,-2.156460356712341,3.67560928662618,-17.855515722120103,5.352742846763864,1
151,18.4319149017334,-2.08994349638621,3.677964067459106,-17.752490257660277,5.380747198531613,1
152,18.3176628112793,-2.0235377550125118,3.6719535032908124,-17.62128083431153,5.396474559563019,1
153,18.233291117350262,-1.9595997969309487,3.6745188236236577,-17.518485911060633,5.421769795753591,1
154,18.15214449564616,-1.9015594800313314,3.6764830430348714,-17.420988064555715,5.442926887394462,1
155,18.048807525634764,-1.8425823688507081,3.6736227353413904,-17.30274330636278,5.456155877312129,1
156,17.971718088785806,-1.7874749898910522,3.673943106333415,-17.21013246433997,5.476226662780537,1
157,17.869494756062824,-1.7342431147893271,3.6706611474355064,-17.095185635661277,5.484621235822148,1
158,17.737985356648764,-1.6808767080307008,3.660436995824178,-16.953294104210176,5.481540845094427,1
159,17.600971349080403,-1.626575032869975,3.6483734448750815,-16.80597765680273,5.477139195579437,1
160,17.49046681722005,-1.5764007806777955,3.642583545049032,-16.684637705970403,5.479446461651753,1
161,17.358597437540688,-1.5246909379959108,3.6313565413157147,-16.543071696857645,5.474702392608071,1
162,17.266953404744463,-1.4788410902023315,3.630202786127727,-16.440762715299794,5.4805083879960765,1
163,17.16655209859212,-1.4339054187138875,3.626949501037598,-16.330774571081914,5.482006713968792,1
164,17.05191612243652,-1.3869792222976685,3.622717444101969,-16.206927357787908,5.479695286152491,1
165,16.95531120300293,-1.3414706071217855,3.619910637537638,-16.100198270386837,5.483223234073278,1
166,16.88151512145996,-1.2992596785227457,3.6217160860697426,-16.015719023116098,5.492756382811215,1
167,16.818777720133465,-1.2610475063323976,3.6263213952382403,-15.942977890225094,5.50299743814939,1
168,16.746288426717122,-1.2225527842839559,3.6267277717590334,-15.861170350160702,5.509635786904913,1
169,16.645890045166016,-1.1819165190060932,3.6234169483184813,-15.752887634302569,5.507187415976847,1
170,16.550997034708658,-1.1421343803405761,3.6202591896057132,-15.649998399447918,5.506135113032404,1
171,16.44244518280029,-1.1010705312093099,3.613127660751343,-15.534059559973969,5.500850251667592,1
172,16.36187655131022,-1.0633562763532003,3.6114521662394212,-15.445142405215847,5.503572197525733,1
173,16.290783055623372,-1.026625486214956,3.60999984741211,-15.365315122281231,5.509143640106638,1
174,16.234044329325357,-0.9909810662269593,3.608685859044393,-15.299099104867535,5.519402625245097,1
175,16.163886960347494,-0.9573391238848369,3.6107351144154864,-15.221354715677638,5.522508531865791,1
176,16.111927731831866,-0.9258379658063253,3.6141809463500976,-15.161168292471112,5.530855917674021,1
177,16.047331937154134,-0.8927372535069783,3.6138591289520265,-15.088745071905484,5.535667462922086,1
178,15.957871309916177,-0.8592808087666829,3.609260606765747,-14.993349265435377,5.53095814997989,1
179,15.862796211242674,-0.8259874780972797,3.6026078383127844,-14.892862667899614,5.523875497191302,1
180,15.756457010904947,-0.7943890372912088,3.5953693072001136,-14.782704250997941,5.510775490490564,1
181,15.678096644083658,-0.7632781744003296,3.594006776809692,-14.698430013622525,5.508308550488405,1
182,15.573395093282063,-0.7310359477996826,3.5903954664866125,-14.589520374162937,5.496448265955184,1
183,15.460014470418296,-0.6961917380491892,3.5825987180074055,-14.471610834278426,5.483539935376268,1
184,15.379518763224285,-0.6682840645313264,3.5814133644104,-14.386644453285026,5.477286039092494,1
185,15.303415044148764,-0.6408066332340241,3.581217749913533,-14.305881332921803,5.472376489518509,1
186,15.228863016764322,-0.6147151708602905,3.5837050755818685,-14.227091927620092,5.4668088321895,1
187,15.167301114400226,-0.589318831761678,3.589125506083171,-14.160505776858813,5.465747517394441,1
188,15.076616605122883,-0.5624609231948853,3.5887931029001874,-14.066599455505148,5.454494505118745,1
189,14.986784108479817,-0.5400558133920035,3.591399129231771,-13.97523897267006,5.4394902199126705,1
190,14.89679177602132,-0.5180011848608653,3.587481466929118,-13.883870528467233,5.424100809757571,1
191,14.808956718444824,-0.49457029302914934,3.5873459815979007,-13.793937907241673,5.410829499686739,1
192,14.708837827046713,-0.4733665426572164,3.584066979090373,-13.693607908960095,5.390648248748296,1
193,14.62306137084961,-0.45208717584609986,3.5850038369496664,-13.606417655738818,5.376216629545125,1
194,14.554252433776858,-0.43235759536425267,3.589559618631999,-13.535421312152124,5.367081786120538,1
195,14.496600914001467,-0.41259846687316887,3.5949309031168624,-13.474658371197393,5.362392873914991,1
196,14.405188242594402,-0.3947851002216338,3.590631182988485,-13.383665440728613,5.3425464855800335,1
197,14.34875857035319,-0.3774763067563374,3.593096955617269,-13.324994874211956,5.336091497966618,1
198,14.280522346496582,-0.36299161911010736,3.5947065512339273,-13.256601609351174,5.3223674408368575,1
199,14.218266487121582,-0.34634853601455684,3.59772424697876,-13.192844896448504,5.312993764861462,1
200,14.150493113199868,-0.33048259019851683,3.5987316131591793,-13.124329600078244,5.300721331823741,1
201,14.085820261637368,-0.3156895538171132,3.599141152699788,-13.059086221139154,5.288691653556344,1
202,14.015106773376464,-0.30153501530488336,3.598860947291056,-12.988549003944675,5.273683343425692,1
203,13.969480005900063,-0.2889773656924565,3.6037958463033033,-12.941679667020454,5.267144098024426,1
204,13.91773592631022,-0.27558307548364,3.607818984985351,-12.888861870054175,5.258950374424807,1
205,13.866601880391437,-0.2593722969293594,3.610405429204304,-12.835488779909072,5.253584440981038,1
206,13.800550015767415,-0.2451985895633697,3.61116984685262,-12.769224426086426,5.2404399283132355,1
207,13.745966084798177,-0.229981059829394,3.6155353705088293,-12.71307690650731,5.232795664033952,1
208,13.679097175598145,-0.21609212905168532,3.614992316563924,-12.646175098998759,5.219066076718989,1
209,13.604926617940265,-0.20288218607505162,3.6110722064971927,-12.572837586753257,5.201821265488716,1
210,13.538104120890297,-0.19069191018740334,3.6089468320210774,-12.506651134073133,5.186550298923649,1
211,13.47949384053548,-0.1772515147924423,3.6100503921508786,-12.447510307810818,5.175679610782875,1
212,13.411795234680174,-0.16367343564828232,3.606146399180094,-12.379969755861758,5.161335995115498,1
213,13.348334058125813,-0.15034885605176287,3.6045351028442383,-12.31642054617276,5.14843780535913,1
214,13.28013801574707,-0.1369755953550339,3.6010634104410806,-12.248504348352505,5.133709113243873,1
215,13.212103144327799,-0.12512424290180205,3.597090180714925,-12.181338881655481,5.117646785661027,1
216,13.14816277821859,-0.11350146060188611,3.594858439763387,-12.118023646670965,5.102996171154245,1
217,13.079758453369143,-0.10058518486718336,3.5911647955576576,-12.050097182053861,5.087765372042419,1
218,13.00920842488607,-0.0891412330791354,3.588273525238037,-11.980783563551226,5.0703328495181035,1
219,12.935099665323895,-0.07646266759062806,3.582938687006632,-11.907713243824334,5.052624584732963,1
220,12.859468523661297,-0.06531124428535501,3.578799692789713,-11.83384983468767,5.0329111217791604,1
221,12.799129422505699,-0.05493213872735699,3.5768169879913327,-11.774333946259484,5.018544772728225,1
222,12.736986541748049,-0.04533202812696496,3.572652753194173,-11.713470282765812,5.002748753656058,1
223,12.682336997985841,-0.03520196393753092,3.5716583887735998,-11.65927736240259,4.990407027018147,1
224,12.621454429626466,-0.0245421666962405,3.569788487752278,-11.599151279113087,4.976083182718405,1
225,12.55130812327067,-0.012798933094988266,3.564808670679727,-11.53008984345867,4.959085361207238,1
226,12.494742457071942,-0.0016421346925199044,3.563150151570637,-11.473730847645394,4.946927551617573,1
227,12.43722324371338,0.010097483390321333,3.5625264962514236,-11.416265452967691,4.934927261927126,1
228,12.375600687662761,0.02289432246858875,3.5602489153544106,-11.35461353175734,4.922272653451189,1
229,12.311276626586913,0.03686156431213021,3.5577419916788737,-11.29001747246426,4.909622839151753,1
230,12.247103309631347,0.05012759128585458,3.5571497917175297,-11.225837541469787,4.896388847377098,1
231,12.178705596923827,0.06377229178324341,3.5537343025207524,-11.157628661967605,4.881829530348432,1
232,12.115584119160967,0.07665383514637747,3.552441612879436,-11.094566835494891,4.86865906504501,1
233,12.066453679402667,0.0908828565540413,3.554276116689047,-11.04381837984031,4.862266928489933,1
234,12.014308357238768,0.10423034131526945,3.5563187917073575,-10.990650685736854,4.853871317925521,1
235,11.958091481526692,0.11619456087549526,3.5560903549194345,-10.934292188523571,4.842593044282234,1
236,11.893621953328449,0.12987981836001075,3.5528235276540125,-10.869674234052,4.829626691732988,1
237,11.8375062306722,0.14361697460214295,3.5529540379842124,-10.812706462535012,4.820016447238606,1
238,11.77625223795573,0.15713019594550132,3.551835680007935,-10.751109251170199,4.808165610691648,1
239,11.725530497233073,0.17116117378075918,3.554052956899007,-10.698978044467564,4.800961402985228,1
240,11.67458101908366,0.18249282489220303,3.556312052408854,-10.647706766983994,4.791188391892862,1
241,11.604273223876955,0.19478817035754523,3.55320250193278,-10.578278387833016,4.774633581250378,1
242,11.528211212158206,0.20621489087740577,3.5507641156514484,-10.503910310645423,4.7550022628035125,1
243,11.459329795837403,0.21747836768627166,3.5500739097595218,-10.43620034187775,4.738064861773116,1
244,11.384606615702312,0.2283764064311981,3.547192128499349,-10.363271003440223,4.718478323205728,1
245,11.303975423177084,0.2401732842127482,3.5424179553985597,-10.28456075764256,4.697377310436088,1
246,11.232970809936523,0.2524967898925145,3.5421325524648033,-10.214481384809837,4.680572388625705,1
247,11.157375780741374,0.2640294661124547,3.5396683375040694,-10.140500143378226,4.661223306579079,1
248,11.074673589070638,0.2753175377845764,3.5331565697987877,-10.060089746832945,4.638834890006016,1
249,11.000396474202475,0.2866357604662577,3.5289281368255616,-9.987403589849608,4.619810838365947,1
250,10.9259703318278,0.2989206234614054,3.526515992482503,-9.914197761351673,4.6016153663600905,1
251,10.852634620666505,0.3110671083132426,3.5258240540822348,-9.84204800587283,4.583724686939458,1
252,10.769014549255372,0.3227976510922114,3.5208791097005205,-9.760619545299111,4.5613790433978965,1
253,10.688153902689615,0.33597942094008126,3.5179341316223143,-9.681150132703578,4.541458810440536,1
254,10.603870073954266,0.3498849660158157,3.5141063849131267,-9.598250797507042,4.520847449638418,1
255,10.527317047119139,0.36597186326980585,3.5126552899678547,-9.52158623124525,4.505300795311149,1
256,10.453874270121256,0.38193800449371335,3.5132839679718018,-9.447825422326229,4.490875046583469,1
257,10.374296569824219,0.39736837943394976,3.5085958798726398,-9.368643512154506,4.473527656090415,1
258,10.298303095499675,0.41266571879386904,3.5052923838297523,-9.292805442899281,4.457477609889626,1
259,10.22637310028076,0.42627843817075095,3.5021785100301104,-9.221365772109387,4.441489996607525,1
260,10.15844612121582,0.44078371723492943,3.4998774687449137,-9.153248310859384,4.427907320933216,1
261,10.084413337707518,0.45227558811505636,3.494896618525187,-9.080717735031163,4.409139484074938,1
262,10.01307996114095,0.4642374018828074,3.4918109258015955,-9.010479725952552,4.391872241050208,1
263,9.932071940104167,0.47505199909210205,3.487203439076742,-8.931812487693922,4.3697200264915015,1
264,9.8516445795695,0.48674466609954836,3.4825163523356126,-8.853330678867236,4.348604049895288,1
265,9.76775156656901,0.49989566802978513,3.4775832017262784,-8.771089033769933,4.327454622154586,1
266,9.68732992808024,0.5096736888090769,3.470986890792847,-8.693370758303404,4.304582821043017,1
267,9.613782056172688,0.5192108869552613,3.4671821912129723,-8.622059575484558,4.284212184931543,1
268,9.534298451741536,0.5280080179373423,3.460056002934774,-8.545591106495605,4.26081119911108,1
269,9.460915120442708,0.5358963330586751,3.453040599822998,-8.475084036193328,4.238991669662518,1
270,9.376948356628416,0.5404809951782227,3.4320649464925133,-8.396167295983112,4.209947140628827,1
271,9.306338755289714,0.5406547864278157,3.413201332092285,-8.331262426003589,4.182142395394424,1
272,9.24674752553304,0.5417816201845804,3.39835524559021,-8.276097540277604,4.159576496319331,1
273,9.210296821594238,0.5398392260074616,3.3910611152648924,-8.243396582283859,4.14335693840104,1
274,9.17481606801351,0.5379365126291912,3.386765209833781,-8.211570549139584,4.127557957194783,1
275,9.106535911560059,0.5461959878603618,3.381572341918946,-8.145602385832856,4.108100307636344,1
276,9.042473220825197,0.5560753186543783,3.3771651903788253,-8.082865307374691,4.091800353413645,1
277,8.98026809692383,0.5655594905217489,3.370559676488241,-8.02199040673337,4.0758732247488965,1
278,8.92601858774821,0.5758726874987284,3.366143401463827,-7.968092283021927,4.0638580868775405,1
279,8.867676862080891,0.5860747655232748,3.3621870994567873,-7.9104805602179455,4.0501202287687645,1
280,8.817546335856118,0.5925177256266275,3.3491467634836836,-7.861897395208634,4.036182600844901,1
281,8.76834767659505,0.601730465888977,3.3440033276875814,-7.813072953234099,4.0251573334058115,1
282,8.716719245910642,0.6109091003735861,3.3348921457926433,-7.7620309231036195,4.013138458828879,1
283,8.680705642700195,0.6192335089047751,3.3302351633707685,-7.72566524625552,4.0065193243708626,1
284,8.637732060750324,0.6259469072024029,3.321422894795736,-7.683546716439697,3.9956644679250837,1
285,8.606561279296873,0.6343062043190003,3.3261849562327073,-7.651614059329008,3.9909953272596645,1
286,8.55950558980306,0.6470397631327311,3.32657961845398,-7.603362972224146,3.9840516951409506,1
287,8.513826688130697,0.6589343190193175,3.326665576299032,-7.5567083765527165,3.976882928129263,1
288,8.44773858388265,0.6725510656833648,3.319191614786784,-7.490631325825419,3.96321264356764,1
289,8.379595184326172,0.6859235763549804,3.307233254114787,-7.42276376340443,3.948504111492361,1
290,8.354001808166505,0.6890849192937215,3.298313013712565,-7.3980110670431225,3.941270923034185,1
291,8.332406806945801,0.6916785558064779,3.289981746673584,-7.377154644356213,3.935099970045591,1
292,8.312708727518716,0.6944120605786641,3.282935428619385,-7.357984643574662,3.9298087082404387,1
293,8.29447758992513,0.6963530540466308,3.2750620841979985,-7.340475503976185,3.924370706390495,1
294,8.28272164662679,0.6970720489819844,3.266709852218628,-7.329396061224637,3.920375070663101,1
295,8.271963119506834,0.6992169896761575,3.2669972737630215,-7.318667745006958,3.9180838029995986,1
296,8.260800870259601,0.7010239839553832,3.2605896472930915,-7.30770255872443,3.915322331223175,1
297,8.251749865214027,0.7028309782346089,3.2576410134633385,-7.298675985802842,3.913396999576051,1
298,8.239330609639483,0.7043700456619263,3.252654075622559,-7.28666268539568,3.9098916820584853,1
